Keyword,Party,Neighbor,Similarity
abortion,Democrat,constitutional_right,0.8586189150810242
abortion,Democrat,constitutionally_protected,0.8291637301445007
abortion,Democrat,reproductive,0.8184251189231873
abortion,Democrat,reproductive_health,0.8116317391395569
abortion,Democrat,reproductive_rights,0.7955108880996704
abortion,Democrat,ballot,0.7912328243255615
abortion,Democrat,restricting,0.7781227231025696
abortion,Democrat,constitutionally-protected,0.7640889883041382
abortion,Democrat,#_roevwade,0.7616963386535645
abortion,Democrat,basic_right,0.7574542164802551
abortion,Republican,hyde_amendment,0.7574470639228821
abortion,Republican,late-term,0.7308332920074463
abortion,Republican,procedure,0.7301793098449707
abortion,Republican,#_hydesaveslives,0.7222239971160889
abortion,Republican,fund_abortions,0.717563271522522
abortion,Republican,american_taxpayers,0.71515953540802
abortion,Republican,baby,0.7106124758720398
abortion,Republican,discrimination,0.709554135799408
abortion,Republican,conscience,0.7075124382972717
abortion,Republican,penalty,0.7020977735519409
border,Democrat,border_communities,0.7219176292419434
border,Democrat,southern_border,0.6970545649528503
border,Democrat,military_bases,0.6902259588241577
border,Democrat,toxic_chemicals,0.6830929517745972
border,Democrat,transatlantic,0.6771571636199951
border,Democrat,financial_institution,0.6756918430328369
border,Democrat,evolving,0.6688293814659119
border,Democrat,depts,0.6655137538909912
border,Democrat,security_challenges,0.6642047762870789
border,Democrat,pnsy,0.6641861796379089
border,Republican,southern_border,0.8901821970939636
border,Republican,our_southern,0.8374738693237305
border,Republican,#_bidenbordercrisis,0.770222544670105
border,Republican,crisis_at,0.7346887588500977
border,Republican,migrant,0.7332531213760376
border,Republican,border_crisis,0.7195377349853516
border,Republican,southwest_border,0.7066597938537598
border,Republican,u.s.-mexico_border,0.6973949670791626
border,Republican,illegal_immigration,0.6968140006065369
border,Republican,crossing,0.6882708668708801
capitalism,Democrat,solar_power,0.917390763759613
capitalism,Democrat,banker,0.9060860872268677
capitalism,Democrat,button,0.9039424657821655
capitalism,Democrat,uranium,0.901479184627533
capitalism,Democrat,centered,0.8991775512695312
capitalism,Democrat,powered_by,0.8984163403511047
capitalism,Democrat,skyrocket,0.8980863094329834
capitalism,Democrat,#_presidentialaddress,0.8979025483131409
capitalism,Democrat,wildly,0.8973631262779236
capitalism,Democrat,destroys,0.8945612907409668
capitalism,Republican,tight,0.9552499651908875
capitalism,Republican,non-starter,0.9535144567489624
capitalism,Republican,mix,0.9526359438896179
capitalism,Republican,fantasy,0.9509828090667725
capitalism,Republican,default,0.9505397081375122
capitalism,Republican,punch,0.950424313545227
capitalism,Republican,inflating,0.9501148462295532
capitalism,Republican,summed_up,0.9490891098976135
capitalism,Republican,controversy,0.9487490057945251
capitalism,Republican,somehow,0.9486575126647949
climate_change,Democrat,climate_crisis,0.8592079877853394
climate_change,Democrat,#_climatecrisis,0.8586497902870178
climate_change,Democrat,climate_chaos,0.809946596622467
climate_change,Democrat,#_climatechange,0.7545524835586548
climate_change,Democrat,drought,0.7388073205947876
climate_change,Democrat,extreme_weather,0.7248663306236267
climate_change,Democrat,our_planet,0.7238410711288452
climate_change,Democrat,effects_of,0.7228466868400574
climate_change,Democrat,existential_threat,0.7217766642570496
climate_change,Democrat,an_existential,0.7144940495491028
climate_change,Republican,energy_policy,0.8827159404754639
climate_change,Republican,unleash,0.8735620379447937
climate_change,Republican,traditional_energy,0.861613929271698
climate_change,Republican,an_all-of-the-above,0.8604041934013367
climate_change,Republican,fossil_fuel,0.8567908406257629
climate_change,Republican,oil_production,0.8506991267204285
climate_change,Republican,should_focus,0.8500088453292847
climate_change,Republican,out-of-control_spending,0.8479677438735962
climate_change,Republican,doubling,0.8401766419410706
climate_change,Republican,dependency,0.8395780324935913
crime,Democrat,violence,0.788090705871582
crime,Democrat,perpetrator,0.7834016680717468
crime,Democrat,heinous,0.7805425524711609
crime,Democrat,hateful,0.7361912131309509
crime,Democrat,anti-asian_hate,0.7344673871994019
crime,Democrat,sexual_violence,0.7330290675163269
crime,Democrat,incident,0.7316924333572388
crime,Democrat,sexual_assault,0.7299172878265381
crime,Democrat,violent_crime,0.728670597076416
crime,Democrat,military_sexual,0.7204089164733887
crime,Republican,human_trafficking,0.8045705556869507
crime,Republican,sexual,0.7728236317634583
crime,Republican,violent,0.751991868019104
crime,Republican,violence,0.7511916160583496
crime,Republican,criminal,0.7486925721168518
crime,Republican,charged_with,0.7397907376289368
crime,Republican,despicable,0.7237933278083801
crime,Republican,trafficker,0.7222339510917664
crime,Republican,prosecuted,0.722052276134491
crime,Republican,repeated,0.7207940220832825
democracy,Democrat,belarus,0.7786788940429688
democracy,Democrat,our_democracy,0.7751964330673218
democracy,Democrat,ideal,0.7615768313407898
democracy,Democrat,liberty,0.7560858726501465
democracy,Democrat,fair_elections,0.7547275424003601
democracy,Democrat,most_fundamental,0.7532458901405334
democracy,Democrat,american_values,0.7515309453010559
democracy,Democrat,very_foundation,0.7510149478912354
democracy,Democrat,fundamental,0.7468700408935547
democracy,Democrat,expression,0.7461249828338623
democracy,Republican,hong_kongers,0.8251779079437256
democracy,Republican,human_right,0.8205184936523438
democracy,Republican,hong_kong,0.8126216530799866
democracy,Republican,liberty,0.8005239367485046
democracy,Republican,freedom,0.7974437475204468
democracy,Republican,oppression,0.7954477071762085
democracy,Republican,dictatorship,0.7952123880386353
democracy,Republican,democratic_ally,0.7860758304595947
democracy,Republican,peaceful,0.7825912833213806
democracy,Republican,must_stand,0.7817005515098572
education,Democrat,early_childhood,0.7578684687614441
education,Democrat,higher_education,0.7370587587356567
education,Democrat,high-quality,0.7311848402023315
education,Democrat,high-quality_early,0.7265134453773499
education,Democrat,housing,0.7210273742675781
education,Democrat,employment,0.7190028429031372
education,Democrat,community_college,0.7125535011291504
education,Democrat,technical,0.7121521830558777
education,Democrat,pursuing,0.7092453837394714
education,Democrat,early_learning,0.6955433487892151
education,Republican,educational,0.7591910362243652
education,Republican,engineering,0.7563257217407227
education,Republican,high-quality,0.7480599284172058
education,Republican,their_childrens,0.7478905916213989
education,Republican,school_choice,0.7466549873352051
education,Republican,nutrition,0.7352184057235718
education,Republican,adoption,0.7340081930160522
education,Republican,shape,0.7305073738098145
education,Republican,training,0.7274247407913208
education,Republican,technical,0.7250953316688538
economy,Democrat,economic_recovery,0.7036168575286865
economy,Democrat,our_economy,0.7034609913825989
economy,Democrat,economic_growth,0.7003759145736694
economy,Democrat,local_economies,0.6878283023834229
economy,Democrat,good_paying,0.6860629320144653
economy,Democrat,more_sustainable,0.6795088648796082
economy,Democrat,skilled_workforce,0.6759801506996155
economy,Democrat,creating_good-paying,0.6738574504852295
economy,Democrat,fairer_economy,0.6731780767440796
economy,Democrat,grow,0.668210506439209
economy,Republican,our_economy,0.8011775612831116
economy,Republican,growth,0.7533097863197327
economy,Republican,job_creation,0.7464317679405212
economy,Republican,supply_chains,0.7279863953590393
economy,Republican,workforce,0.7227775454521179
economy,Republican,economic_growth,0.7190411686897278
economy,Republican,job_growth,0.7149205207824707
economy,Republican,improve_productivity,0.7087810039520264
economy,Republican,job_creators,0.7087734937667847
economy,Republican,economic_recovery,0.7040917277336121
equality,Democrat,full_equality,0.8770131468772888
equality,Democrat,racial_justice,0.8199803233146667
equality,Democrat,true_equality,0.7989467978477478
equality,Democrat,lgbtq_community,0.795022189617157
equality,Democrat,pursuit_of,0.7917842268943787
equality,Democrat,gender_equality,0.7860206961631775
equality,Democrat,recommit_ourselves,0.7833155989646912
equality,Democrat,equal_justice,0.7741386294364929
equality,Democrat,liberty,0.7697989344596863
equality,Democrat,her_legacy,0.7653441429138184
equality,Republican,religious_liberty,0.8727466464042664
equality,Republican,first_amendment,0.8712260723114014
equality,Republican,self,0.8614521622657776
equality,Republican,god-given,0.8597248792648315
equality,Republican,pursuit_of,0.8578760027885437
equality,Republican,inherent,0.8542250394821167
equality,Republican,unborn_children,0.8450998663902283
equality,Republican,human_life,0.8430390954017639
equality,Republican,sacred,0.8419727087020874
equality,Republican,individual_liberty,0.8412066102027893
environment,Democrat,ecosystem,0.8119301795959473
environment,Democrat,clean_air,0.798986554145813
environment,Democrat,chesapeake_bay,0.7805845737457275
environment,Democrat,outdoor_spaces,0.7771897315979004
environment,Democrat,natural,0.7771588563919067
environment,Democrat,our_environment,0.771968424320221
environment,Democrat,cleaner,0.7697156667709351
environment,Democrat,salmon,0.7588618397712708
environment,Democrat,crop,0.7440740466117859
environment,Democrat,maintaining,0.7381803393363953
environment,Republican,economic_growth,0.8305689692497253
environment,Republican,job_creation,0.8228147029876709
environment,Republican,create_jobs,0.8187313079833984
environment,Republican,energy_producers,0.8104197382926941
environment,Republican,global_competitiveness,0.8059312701225281
environment,Republican,water_system,0.7998461723327637
environment,Republican,biofuel,0.7941917777061462
environment,Republican,reliability,0.791999876499176
environment,Republican,marketplace,0.791999340057373
environment,Republican,while_also,0.7869110107421875
freedom,Democrat,sacred_right,0.7696423530578613
freedom,Democrat,fundamental_right,0.7494767308235168
freedom,Democrat,sacred,0.7462222576141357
freedom,Democrat,fundamental,0.7077837586402893
freedom,Democrat,liberty,0.6988624334335327
freedom,Democrat,democratic_republic,0.6985729336738586
freedom,Democrat,most_fundamental,0.6932910084724426
freedom,Democrat,ideal,0.6857307553291321
freedom,Democrat,bedrock_of,0.6845442056655884
freedom,Democrat,right,0.6844503879547119
freedom,Republican,liberty,0.8820722699165344
freedom,Republican,democracy,0.797443687915802
freedom,Republican,hong_kongers,0.7635200619697571
freedom,Republican,cuban_people,0.7586631178855896
freedom,Republican,america_stands,0.7445232272148132
freedom,Republican,communism,0.7381589412689209
freedom,Republican,pursuit_of,0.733272910118103
freedom,Republican,equality,0.7271624803543091
freedom,Republican,religious_liberty,0.7263314723968506
freedom,Republican,fundamental,0.7100160121917725
gas,Democrat,oil,0.833053708076477
gas,Democrat,methane_emissions,0.8145276308059692
gas,Democrat,leak,0.802221417427063
gas,Democrat,reliance_on,0.7951781749725342
gas,Democrat,emission,0.7937900424003601
gas,Democrat,plastic,0.7829192280769348
gas,Democrat,gas_drilling,0.7801977396011353
gas,Democrat,big_oil,0.7757244110107422
gas,Democrat,dependence_on,0.775284469127655
gas,Democrat,air_pollution,0.771375298500061
gas,Republican,grocery,0.8687760829925537
gas,Republican,natural_gas,0.8660516142845154
gas,Republican,energy_prices,0.8459884524345398
gas,Republican,gasoline,0.8320299386978149
gas,Republican,heating,0.8299724459648132
gas,Republican,energy_costs,0.8295758962631226
gas,Republican,oil,0.8195075988769531
gas,Republican,tank,0.8153019547462463
gas,Republican,everyday_goods,0.8023518919944763
gas,Republican,car,0.799231231212616
gun,Democrat,firearm,0.8085607290267944
gun,Democrat,prohibited,0.7581977844238281
gun,Democrat,criminal,0.7344169020652771
gun,Democrat,untraceable,0.7337402105331421
gun,Democrat,weapon,0.7288597226142883
gun,Democrat,gun_sales,0.7274433374404907
gun,Democrat,happening_again,0.7273653745651245
gun,Democrat,shutdown,0.7216364145278931
gun,Democrat,advertising,0.7149888277053833
gun,Democrat,kill,0.7148260474205017
gun,Republican,law-abiding_citizens,0.8736843466758728
gun,Republican,extremism,0.8528181910514832
gun,Republican,infringe,0.8473770022392273
gun,Republican,felon,0.8460255265235901
gun,Republican,law_abiding,0.844172477722168
gun,Republican,election_fraud,0.8368021249771118
gun,Republican,washington_bureaucrats,0.8367104530334473
gun,Republican,conscience,0.8359150290489197
gun,Republican,constitutional_rights,0.8347998261451721
gun,Republican,unelected,0.8332382440567017
healthcare,Democrat,health_care,0.8088615536689758
healthcare,Democrat,preschool,0.7815769910812378
healthcare,Democrat,higher_wages,0.7771300673484802
healthcare,Democrat,quality_healthcare,0.7770361304283142
healthcare,Democrat,high-quality,0.766899585723877
healthcare,Democrat,high_quality,0.7468405365943909
healthcare,Democrat,quality_health,0.7449729442596436
healthcare,Democrat,improving_access,0.7404174208641052
healthcare,Democrat,primary,0.7342750430107117
healthcare,Democrat,careand,0.73285973072052
healthcare,Republican,health_care,0.8724378943443298
healthcare,Republican,physical,0.818239152431488
healthcare,Republican,educational,0.7810749411582947
healthcare,Republican,homelessness,0.7808054685592651
healthcare,Republican,input,0.777337372303009
healthcare,Republican,behavioral_health,0.7719606757164001
healthcare,Republican,expertise,0.7704492211341858
healthcare,Republican,addiction_services,0.7680562734603882
healthcare,Republican,coverage,0.7659986615180969
healthcare,Republican,suffering_from,0.7650014758110046
immigrant,Democrat,immigrant_families,0.7557262182235718
immigrant,Democrat,farmworkers,0.7450110912322998
immigrant,Democrat,serviceman,0.7115369439125061
immigrant,Democrat,labor_movement,0.7096337676048279
immigrant,Democrat,diverse,0.7060562968254089
immigrant,Democrat,all_backgrounds,0.7008621692657471
immigrant,Democrat,in_uniform,0.6998463869094849
immigrant,Democrat,vital_contributions,0.6972855925559998
immigrant,Democrat,tps_holders,0.6957835555076599
immigrant,Democrat,latino_communities,0.6955216526985168
immigrant,Republican,cross,0.9062061309814453
immigrant,Republican,crossing,0.8985411524772644
immigrant,Republican,illegal_migrants,0.8941563367843628
immigrant,Republican,illegally_crossing,0.8865158557891846
immigrant,Republican,million_illegal,0.8840014934539795
immigrant,Republican,border_illegally,0.8772341012954712
immigrant,Republican,crossed,0.8754807710647583
immigrant,Republican,over_million,0.8711206912994385
immigrant,Republican,influx_of,0.8669325709342957
immigrant,Republican,seized,0.8661081194877625
immigration,Democrat,police_reform,0.7760158777236938
immigration,Democrat,reassert,0.7690349221229553
immigration,Democrat,governmental,0.7630797624588013
immigration,Democrat,justice_department,0.7612127661705017
immigration,Democrat,downpayment,0.7608169913291931
immigration,Democrat,oversight,0.7605718970298767
immigration,Democrat,advance_racial,0.7585369944572449
immigration,Democrat,antitrust,0.7573051452636719
immigration,Democrat,ethic,0.756449282169342
immigration,Democrat,prompt,0.7555298805236816
immigration,Republican,mass_amnesty,0.8248433470726013
immigration,Republican,enforcing,0.8236129879951477
immigration,Republican,unlawful,0.8190063238143921
immigration,Republican,immigration_policies,0.805848240852356
immigration,Republican,@_icegov,0.7963407039642334
immigration,Republican,open_border,0.7945460081100464
immigration,Republican,unwillingness,0.7936151027679443
immigration,Republican,amnesty,0.7927449345588684
immigration,Republican,open_borders,0.7876160740852356
immigration,Republican,deportation,0.7872010469436646
inflation,Democrat,well-connected,0.8699361085891724
inflation,Democrat,drug_costs,0.8566928505897522
inflation,Democrat,allow_medicare,0.8506345748901367
inflation,Democrat,drug_prices,0.8502257466316223
inflation,Democrat,cut_costs,0.8501446843147278
inflation,Democrat,jobless_workers,0.8494458794593811
inflation,Democrat,wealthiest_americans,0.8493096828460693
inflation,Democrat,ultra-wealthy,0.848130464553833
inflation,Democrat,negotiate_lower,0.848102867603302
inflation,Democrat,lowering_prescription,0.8466421961784363
inflation,Republican,#_bidenflation,0.7960780262947083
inflation,Republican,price,0.7881571054458618
inflation,Republican,gas_prices,0.7872277498245239
inflation,Republican,energy_prices,0.7768135070800781
inflation,Republican,inflation_crisis,0.7736222743988037
inflation,Republican,skyrocketing_prices,0.7691887617111206
inflation,Republican,rising_prices,0.7653383016586304
inflation,Republican,higher_prices,0.7645664811134338
inflation,Republican,skyrocketing,0.7585068941116333
inflation,Republican,raging,0.7577328681945801
job,Democrat,good-paying_jobs,0.671105146408081
job,Democrat,union_jobs,0.6585416793823242
job,Democrat,good-paying_union,0.6544597148895264
job,Democrat,good_paying,0.638499915599823
job,Democrat,good-paying,0.6358229517936707
job,Democrat,high-paying_jobs,0.6124526262283325
job,Democrat,while_creating,0.608377993106842
job,Democrat,create_good,0.6057438254356384
job,Democrat,create_millions,0.6045114398002625
job,Democrat,paying_jobs,0.604002833366394
job,Republican,worker,0.6636237502098083
job,Republican,good-paying_jobs,0.6095916032791138
job,Republican,small_businesses,0.5825752019882202
job,Republican,economic_growth,0.577940046787262
job,Republican,american_jobs,0.5773601531982422
job,Republican,livelihood,0.5745673775672913
job,Republican,american_workers,0.572350025177002
job,Republican,economy,0.5718673467636108
job,Republican,our_economy,0.5680491924285889
job,Republican,workforce,0.5676500797271729
justice,Democrat,equality,0.7538437843322754
justice,Democrat,policing_act,0.6959566473960876
justice,Democrat,true_justice,0.6711356043815613
justice,Democrat,racial_justice,0.6651490926742554
justice,Democrat,fairness,0.6593018174171448
justice,Democrat,accountability,0.6586200594902039
justice,Democrat,george_floyd,0.657210111618042
justice,Democrat,equal_justice,0.6563528776168823
justice,Democrat,pursuit_of,0.6464654803276062
justice,Democrat,her_name,0.6343422532081604
justice,Republican,birth,0.7446287870407104
justice,Republican,document,0.7442958354949951
justice,Republican,constitution,0.7349419593811035
justice,Republican,upheld,0.7343218326568604
justice,Republican,human_life,0.7229653000831604
justice,Republican,constitutional,0.7221238017082214
justice,Republican,purpose,0.7218073010444641
justice,Republican,humanity,0.7187400460243225
justice,Republican,unborn_children,0.7060971260070801
justice,Republican,every_life,0.7011380791664124
medicare,Democrat,medicaid,0.833378791809082
medicare,Democrat,eligibility_age,0.8001812696456909
medicare,Democrat,by_lowering,0.7960119843482971
medicare,Democrat,lower_prescription,0.794556736946106
medicare,Democrat,lowering,0.7895922660827637
medicare,Democrat,premium,0.7878540754318237
medicare,Democrat,negotiate_drug,0.7869460582733154
medicare,Democrat,aca,0.7860628366470337
medicare,Democrat,drug_costs,0.7824611067771912
medicare,Democrat,out-of-pocket_costs,0.779364287853241
medicare,Republican,social_security,0.8827916979789734
medicare,Republican,provider,0.8568807244300842
medicare,Republican,child_care,0.8563612699508667
medicare,Republican,cares_act,0.8515808582305908
medicare,Republican,harmful_regulations,0.8446617126464844
medicare,Republican,livestock_haulers,0.8434260487556458
medicare,Republican,estate_tax,0.8323296308517456
medicare,Republican,pell,0.8317378163337708
medicare,Republican,#_fast41,0.8309031128883362
medicare,Republican,rx_drug,0.8232172131538391
military,Democrat,rank,0.7691975831985474
military,Democrat,armed_forces,0.7300161719322205
military,Democrat,nato_allies,0.7265348434448242
military,Democrat,service_members,0.72169429063797
military,Democrat,civilian,0.7163016200065613
military,Democrat,diplomatic,0.7054424285888672
military,Democrat,diplomat,0.693702220916748
military,Democrat,engagement,0.6916219592094421
military,Democrat,withdrawal,0.6912059783935547
military,Democrat,sexual_assault,0.6897881627082825
military,Republican,u.s._military,0.6838577389717102
military,Republican,interest,0.6656516194343567
military,Republican,taiwanese,0.6607535481452942
military,Republican,advantage,0.6530457139015198
military,Republican,presence,0.6525730490684509
military,Republican,posture,0.6461719274520874
military,Republican,diplomatic,0.6423799991607666
military,Republican,nuclear_modernization,0.6412717700004578
military,Republican,nuclear_deterrence,0.6355471014976501
military,Republican,pay_raise,0.6339544653892517
patriotism,Democrat,ancestor,0.9297016859054565
patriotism,Democrat,selflessness,0.9206512570381165
patriotism,Democrat,grit,0.9195588827133179
patriotism,Democrat,persistence,0.9187747836112976
patriotism,Democrat,inspirational,0.9150575995445251
patriotism,Democrat,humor,0.9048374891281128
patriotism,Democrat,eternally,0.9010693430900574
patriotism,Democrat,officer_sicknick,0.8984249830245972
patriotism,Democrat,her_story,0.8979426622390747
patriotism,Democrat,he_gave,0.8974343538284302
patriotism,Republican,valor,0.9538781642913818
patriotism,Republican,devotion,0.9514731168746948
patriotism,Republican,selflessness,0.9509599208831787
patriotism,Republican,his_bravery,0.9392834901809692
patriotism,Republican,steadfast,0.9388759732246399
patriotism,Republican,heroism,0.9375991225242615
patriotism,Republican,#_vietnamwarveteransday,0.9371979832649231
patriotism,Republican,admiration,0.933523416519165
patriotism,Republican,profound,0.9327772259712219
patriotism,Republican,embodies,0.931509792804718
police,Democrat,killed_by,0.7443507313728333
police,Democrat,ethiopian,0.7407349348068237
police,Democrat,prisoner,0.7239063382148743
police,Democrat,security_force,0.7211663126945496
police,Democrat,innocent_lives,0.71904057264328
police,Democrat,serious_crimes,0.7139167785644531
police,Democrat,detention,0.7117347717285156
police,Democrat,unjustly_imprisoned,0.7112873792648315
police,Democrat,isi,0.7111100554466248
police,Democrat,denounce,0.7102025151252747
police,Republican,defund,0.803340494632721
police,Republican,defunding,0.7719622850418091
police,Republican,defunded,0.6866549849510193
police,Republican,prosecutor,0.6747457385063171
police,Republican,rioter,0.6308070421218872
police,Republican,democratic_party,0.6194772124290466
police,Republican,u.s._capitol,0.6194180250167847
police,Republican,themselves,0.6163338422775269
police,Republican,monopoly,0.6153837442398071
police,Republican,law_enforcement,0.6111134886741638
racism,Democrat,bigotry,0.9444203972816467
racism,Democrat,hatred,0.9171633124351501
racism,Democrat,anti-semitism,0.8939571380615234
racism,Democrat,intolerance,0.8823380470275879
racism,Democrat,all_forms,0.8591264486312866
racism,Democrat,injustice,0.855911374092102
racism,Democrat,xenophobia,0.8548051118850708
racism,Democrat,systemic_racism,0.8528515696525574
racism,Democrat,white_supremacy,0.8515347242355347
racism,Democrat,its_forms,0.8381922245025635
racism,Republican,defined_by,0.9111130833625793
racism,Republican,envy,0.9065477252006531
racism,Republican,terrified,0.9061575531959534
racism,Republican,tyrannical,0.9050153493881226
racism,Republican,inherently,0.9033153057098389
racism,Republican,opponent,0.9019648432731628
racism,Republican,alexei_navalny,0.9007927179336548
racism,Republican,norm,0.898358166217804
racism,Republican,an_invasion,0.8978058695793152
racism,Republican,free_press,0.8975819945335388
right,Democrat,fundamental_right,0.7376007437705994
right,Democrat,constitutional_right,0.706836998462677
right,Democrat,sacred_right,0.6942967772483826
right,Democrat,freedom,0.6844503283500671
right,Democrat,reproductive_rights,0.6629664897918701
right,Democrat,constitutional_rights,0.6593063473701477
right,Democrat,ballot_box,0.655591607093811
right,Democrat,reproductive_freedom,0.6554743647575378
right,Democrat,basic_right,0.6549913883209229
right,Democrat,a_womans,0.6531477570533752
right,Republican,first_amendment,0.7290765643119812
right,Republican,#_2a,0.7225300073623657
right,Republican,second_amendment,0.7208229303359985
right,Republican,bear_arms,0.7073941230773926
right,Republican,constitutional_right,0.7060707807540894
right,Republican,law-abiding_citizens,0.6854854226112366
right,Republican,law_abiding,0.6765121221542358
right,Republican,law-abiding,0.6668782830238342
right,Republican,religious_liberty,0.6666643619537354
right,Republican,human_life,0.6640824675559998
security,Democrat,stability,0.757803738117218
security,Democrat,cyber,0.7307702302932739
security,Democrat,breakdown,0.7177848815917969
security,Democrat,nuclear,0.7109704613685608
security,Democrat,readiness,0.7030149698257446
security,Democrat,cooperation,0.6924679279327393
security,Democrat,southern_border,0.6917764544487
security,Democrat,vulnerability,0.6915724277496338
security,Democrat,national_security,0.6891853213310242
security,Democrat,communication,0.6885244250297546
security,Republican,sovereignty,0.750744104385376
security,Republican,securing,0.7424230575561523
security,Republican,natl_security,0.7313844561576843
security,Republican,threatens,0.7285857796669006
security,Republican,weakened,0.7232016324996948
security,Republican,serious_threat,0.7230622172355652
security,Republican,deterring,0.7162953019142151
security,Republican,maintaining,0.712918221950531
security,Republican,modernization,0.7049155831336975
security,Republican,public_safety,0.7039198875427246
social_security,Democrat,dependent_care,0.7764493227005005
social_security,Democrat,credit_expansion,0.7738880515098572
social_security,Democrat,ssi,0.7612149715423584
social_security,Democrat,expire,0.7582703232765198
social_security,Democrat,medicare,0.7516934275627136
social_security,Democrat,eitc,0.7495810985565186
social_security,Democrat,automatic,0.7487197518348694
social_security,Democrat,"$_3,000",0.7475405335426331
social_security,Democrat,credit_payments,0.744889497756958
social_security,Democrat,premium_tax,0.7429629564285278
social_security,Republican,medicare,0.8827916383743286
social_security,Republican,coverage,0.8700666427612305
social_security,Republican,maternal_health,0.8694013953208923
social_security,Republican,health_insurance,0.8663852214813232
social_security,Republican,compensation,0.8639059662818909
social_security,Republican,excess,0.8631901741027832
social_security,Republican,cfap,0.856777548789978
social_security,Republican,addiction_services,0.8567385673522949
social_security,Republican,harmful_regulations,0.8567248582839966
social_security,Republican,pell,0.8557295799255371
tax,Democrat,fair_share,0.8426591157913208
tax,Democrat,their_fair,0.8083410263061523
tax,Democrat,ultra-rich_pay,0.8001672625541687
tax,Democrat,pay_their,0.7999468445777893
tax,Democrat,avoid_paying,0.7957913279533386
tax,Democrat,wealthy_pay,0.7839317321777344
tax,Democrat,billionaire,0.7814221382141113
tax,Democrat,large_corporations,0.7729226350784302
tax,Democrat,billionaires_pay,0.7714025378227234
tax,Democrat,ultra-rich,0.7702719569206238
tax,Republican,spending_spree,0.8018239736557007
tax,Republican,tax_hike,0.7961960434913635
tax,Republican,massive_tax,0.7888261079788208
tax,Republican,reckless_tax,0.7769266366958618
tax,Republican,tax-and-spending_spree,0.7749401330947876
tax,Republican,trillion_reckless,0.7689196467399597
tax,Republican,taxing,0.7673184275627136
tax,Republican,raise_taxes,0.7623781561851501
tax,Republican,or_increasing,0.7608190178871155
tax,Republican,dems_reckless,0.7604522705078125
terrorism,Democrat,depart,0.8570252656936646
terrorism,Democrat,combat_anti-semitism,0.8521398305892944
terrorism,Democrat,kabul_airport,0.8477219343185425
terrorism,Democrat,evacuate_americans,0.8473339676856995
terrorism,Democrat,those_fleeing,0.8435267806053162
terrorism,Democrat,evacuation_efforts,0.8431517481803894
terrorism,Democrat,tigray,0.8430324792861938
terrorism,Democrat,withdrawal,0.8339893221855164
terrorism,Democrat,tension,0.8306129574775696
terrorism,Democrat,u.s._stands,0.8295536041259766
terrorism,Republican,terror,0.8625845909118652
terrorism,Republican,our_ally,0.8045631051063538
terrorism,Republican,worlds_largest,0.7806109189987183
terrorism,Republican,state_sponsor,0.7794593572616577
terrorism,Republican,north_korea,0.7749377489089966
terrorism,Republican,sponsor_of,0.7714093327522278
terrorism,Republican,largest_state,0.7710648775100708
terrorism,Republican,global_war,0.7705685496330261
terrorism,Republican,democratic_ally,0.769351601600647
terrorism,Republican,rocket_attacks,0.7689557671546936
truth,Democrat,her_name,0.7892491221427917
truth,Democrat,fact,0.7708433270454407
truth,Democrat,partisan_politics,0.7688903212547302
truth,Democrat,insurrection,0.7688867449760437
truth,Democrat,/6,0.7660472393035889
truth,Democrat,what_happened,0.7594748139381409
truth,Democrat,russian_people,0.75835120677948
truth,Democrat,republican_party,0.7567300200462341
truth,Democrat,former_president,0.7519840002059937
truth,Democrat,telling,0.7510510087013245
truth,Republican,truth_about,0.8402389287948608
truth,Republican,telling,0.812140166759491
truth,Republican,misinformation,0.8061634302139282
truth,Republican,natural_immunity,0.7965095043182373
truth,Republican,censor,0.7945617437362671
truth,Republican,everybody,0.7908627390861511
truth,Republican,bias,0.7894116640090942
truth,Republican,afraid,0.7881858348846436
truth,Republican,lie,0.7866518497467041
truth,Republican,cry,0.7818982601165771
veteran,Democrat,vet,0.7750561833381653
veteran,Democrat,servicemembers,0.7531603574752808
veteran,Democrat,military_families,0.7351242303848267
veteran,Democrat,service_members,0.7061657905578613
veteran,Democrat,caregiver,0.7023158073425293
veteran,Democrat,arizona_veterans,0.6986584067344666
veteran,Democrat,spouse,0.6982527375221252
veteran,Democrat,appreciation,0.6665534377098083
veteran,Democrat,servicemembers_who,0.6591425538063049
veteran,Democrat,k2,0.6540866494178772
veteran,Republican,hero,0.7647689580917358
veteran,Republican,vet,0.759054958820343
veteran,Republican,caregiver,0.756490170955658
veteran,Republican,spouse,0.7311098575592041
veteran,Republican,military_service,0.7193112969398499
veteran,Republican,disabled,0.7097552418708801
veteran,Republican,adoption,0.7066776752471924
veteran,Republican,recipient,0.6901659369468689
veteran,Republican,professional,0.686906099319458
veteran,Republican,vietnam_veterans,0.6866633892059326
voting_right,Democrat,advancement_act,0.8189356327056885
voting_right,Democrat,john_lewis,0.8079044818878174
voting_right,Democrat,#_forthepeopleact,0.7743375301361084
voting_right,Democrat,#_votingrightsact,0.7687420845031738
voting_right,Democrat,#_freedomtovoteact,0.7432023286819458
voting_right,Democrat,abortion_rights,0.7417078018188477
voting_right,Democrat,filibuster,0.7393510937690735
voting_right,Democrat,vra,0.7380292415618896
voting_right,Democrat,#_johnlewisvotingrightsact,0.7339743971824646
voting_right,Democrat,#_vraa,0.7260396480560303
voting_right,Republican,isnt_about,0.9074441194534302
voting_right,Republican,election_reform,0.892031192779541
voting_right,Republican,s.1,0.861140251159668
voting_right,Republican,s1,0.8549308180809021
voting_right,Republican,partisan_power,0.8518267273902893
voting_right,Republican,anything_but,0.8416363000869751
voting_right,Republican,politicians_act,0.8415151238441467
voting_right,Republican,h.r,0.8398593068122864
voting_right,Republican,so-called_``,0.8388115167617798
voting_right,Republican,#_corruptpoliticiansact,0.8341397047042847
